모집단위,모집인원,경쟁률,충원인원,대학점수70컷,70컷,영어등급,대학명,수시정시구분,세부전형명,년도,정시모집군,학과정렬번호
IT융합공학과,5,6.00,4,707.0333,93.25,1,연세대학교,정시,일반전형,2024,가군,1
간호학과(인문),20,2.70,1,726.35,91.25,2,연세대학교,정시,일반전형,2024,가군,2
간호학과(자연),16,3.81,9,704.2944,93.5,2,연세대학교,정시,일반전형,2024,가군,3
건축공학과,28,4.25,8,711.0833,94,1,연세대학교,정시,일반전형,2024,가군,4
경영학과,140,4.10,145,731.925,92,1,연세대학교,정시,일반전형,2024,가군,5
경제학부,93,3.57,38,731.8167,91,1,연세대학교,정시,일반전형,2024,가군,6
관현악과,40,6.78,1,163.8,,5,연세대학교,정시,일반전형,2024,가군,7
교육학부,30,3.77,4,724.25,91,2,연세대학교,정시,일반전형,2024,가군,8
교회음악과,17,2.41,1,189.5,,4,연세대학교,정시,일반전형,2024,가군,9
국어국문학과,23,3.48,7,722.9417,91,1,연세대학교,정시,일반전형,2024,가군,10
기계공학부,51,4.00,18,713.3056,94.25,2,연세대학교,정시,일반전형,2024,가군,11
노어노문학과,17,4.47,2,720.6917,89.5,1,연세대학교,정시,일반전형,2024,가군,12
대기과학과,11,5.00,1,708.7278,94,1,연세대학교,정시,일반전형,2024,가군,13
도시공학과,14,16.21,1,711.1111,95,1,연세대학교,정시,일반전형,2024,가군,14
독어독문학과,17,7.24,1,721.5667,90.75,1,연세대학교,정시,일반전형,2024,가군,15
디스플레이융합공학과,7,7.29,9,707.9444,94,1,연세대학교,정시,일반전형,2024,가군,16
문헌정보학과,15,5.27,0,726.275,92.75,1,연세대학교,정시,일반전형,2024,가군,17
문화인류학과,7,5.14,2,724.0667,94.25,1,연세대학교,정시,일반전형,2024,가군,18
물리학과,14,5.64,4,710.6222,93.75,2,연세대학교,정시,일반전형,2024,가군,19
불어불문학과,18,5.39,2,722.0083,91.25,1,연세대학교,정시,일반전형,2024,가군,20
사학과,25,4.92,2,722.1167,91.25,1,연세대학교,정시,일반전형,2024,가군,21
사회복지학과,17,3.12,3,723.1667,91.5,1,연세대학교,정시,일반전형,2024,가군,22
사회학과,19,2.84,3,727.125,91.25,1,연세대학교,정시,일반전형,2024,가군,23
사회환경시스템공학부,29,4.07,3,708.2778,94,2,연세대학교,정시,일반전형,2024,가군,24
산업공학과,17,3.76,9,703.6889,93.5,1,연세대학교,정시,일반전형,2024,가군,25
생명공학과,21,4.33,20,712.8944,95,2,연세대학교,정시,일반전형,2024,가군,26
생화학과,11,5.00,10,711.5611,95,2,연세대학교,정시,일반전형,2024,가군,27
성악과,24,14.25,15,176,,4,연세대학교,정시,일반전형,2024,가군,28
수학과,18,4.33,13,712.0389,93,1,연세대학교,정시,일반전형,2024,가군,29
스포츠응용산업학과,24,5.67,0,591.3221,88,2,연세대학교,정시,일반전형,2024,가군,30
시스템반도체공학과,25,7.52,65,717.7,95,2,연세대학교,정시,일반전형,2024,가군,31
시스템생물학과,12,4.08,4,699.4611,92,2,연세대학교,정시,일반전형,2024,가군,32
식품영양학과(인문),4,10.50,1,730.5667,91.5,1,연세대학교,정시,일반전형,2024,가군,33
식품영양학과(자연),6,8.33,2,705.9389,94.75,2,연세대학교,정시,일반전형,2024,가군,34
신소재공학부,45,5.31,27,713.9556,94,2,연세대학교,정시,일반전형,2024,가군,35
신학과,26,3.92,5,718.3417,91.5,2,연세대학교,정시,일반전형,2024,가군,36
실내건축학과(인문),6,4.67,1,726.1667,90.25,2,연세대학교,정시,일반전형,2024,가군,37
실내건축학과(자연),7,5.71,3,705.7722,94,2,연세대학교,정시,일반전형,2024,가군,38
심리학과,20,3.55,2,728.3417,90.75,1,연세대학교,정시,일반전형,2024,가군,39
아동·가족학과,10,6.10,2,722.1167,91.5,1,연세대학교,정시,일반전형,2024,가군,40
약학과,17,6.82,41,726.0333,96.25,1,연세대학교,정시,일반전형,2024,가군,41
언더우드학부(인문사회),11,4.82,3,649.6375,92.25,1,연세대학교,정시,일반전형,2024,가군,42
언론홍보영상학부,22,3.59,3,728.9417,93.25,1,연세대학교,정시,일반전형,2024,가군,43
영어영문학과,38,3.89,5,725.15,91.75,1,연세대학교,정시,일반전형,2024,가군,44
융합과학공학부,38,4.55,1,652.255,89.75,1,연세대학교,정시,일반전형,2024,가군,45
융합인문사회과학부,93,5.15,1,646.375,90,1,연세대학교,정시,일반전형,2024,가군,46
응용통계학과,30,4.33,32,737.6167,92.25,1,연세대학교,정시,일반전형,2024,가군,47
의류환경학과(인문),5,3.60,1,708.1083,90.25,2,연세대학교,정시,일반전형,2024,가군,48
의류환경학과(자연),6,4.00,2,706.05,91.75,1,연세대학교,정시,일반전형,2024,가군,49
의예과,47,3.43,12,677.475,99,1,연세대학교,정시,일반전형,2024,가군,50
인공지능학과,16,5.31,9,709.9722,95,1,연세대학교,정시,일반전형,2024,가군,51
작곡과,19,4.68,1,207.5,,3,연세대학교,정시,일반전형,2024,가군,52
전기전자공학부,90,4.56,114,716.4222,95,2,연세대학교,정시,일반전형,2024,가군,53
정치외교학과,44,3.43,7,727.5333,92.5,1,연세대학교,정시,일반전형,2024,가군,54
중어중문학과,17,2.53,4,722.275,90.5,1,연세대학교,정시,일반전형,2024,가군,55
지구시스템과학과,14,4.57,2,706.7222,93.75,1,연세대학교,정시,일반전형,2024,가군,56
천문우주학과,11,5.64,3,707.8444,92.5,1,연세대학교,정시,일반전형,2024,가군,57
철학과,19,2.84,1,724.5083,91,1,연세대학교,정시,일반전형,2024,가군,58
체육교육학과,27,5.26,7,592.3563,87,2,연세대학교,정시,일반전형,2024,가군,59
치의예과,27,5.11,42,736.0833,98.25,1,연세대학교,정시,일반전형,2024,가군,60
컴퓨터과학과,35,6.54,72,708.7167,94.5,2,연세대학교,정시,일반전형,2024,가군,61
통합디자인학과,9,3.56,2,724.7083,89.5,1,연세대학교,정시,일반전형,2024,가군,62
피아노과,20,6.65,1,191.1,,3,연세대학교,정시,일반전형,2024,가군,63
행정학과,39,3.59,6,728.4417,91,1,연세대학교,정시,일반전형,2024,가군,64
화공생명공학부,34,5.12,34,710.6889,94.25,2,연세대학교,정시,일반전형,2024,가군,65
화학과,18,3.78,6,712.0722,95,1,연세대학교,정시,일반전형,2024,가군,66
